idx_quest_ref,rater1,rater2,stu_answer
1_1,4,4,"الدراسة التى تتناول مكونات البيئة و استخدام الإنسان لها.
"
1_1,3,3,"هو العلم الذى يتناول كل ما له علاقة بالأرض من حيث مكوناتها وحركتها و تاريخها و الظواهر التى تحدث عليها.
"
1_1,4,3,"تعنى علم دراسة مكان المعيشة أو يقصد بها العلاقات المتبادلة بين الاحياء و البيئة.
"
1_1,3,3,"هو علم توزيع الكائنات الحية على الأرض و تأثرها على البيئة.
"
1_1,5,5,"الدراسة التى تتناول جوانب الطبيعة و كيفية استخدام الكائنات الحية لها.
"
1_1,5,5,"الدراسة التى تهتم بالبيئة من حيث مكوناتها و كيفية استخدام الكائنات الحية لهذه المكونات.
"
1_1,5,5,"الدراسة التى تعرض جوانب الطبيعة بما يحدده الكائن الحى و كيفية استخدامه لمكونات البيئة.
"
1_1,3,2,"الدراسة التى تتناول مكونات البيئة و الكائنات الحية.
"
1_1,2,2,"هى الدراسة التى تهتم بكل ما يحيط بالكائن الحى.
"
1_1,3,3,"هو العلم الذى يهتم بالبيئة و الكائنات الحية و الغير حية.
"
1_2,3,3,"كلمة تعنى الحيز أو النطاق الذى يعيش فيه الكائن الحى و بالطبع فهو متكيف مع البيئة.
"
1_2,4,4,"الحيز أو الوسط الذى يحيا به الكائن الحى و يؤثر فيه و يتأثر به.
"
1_2,4,4,"الإطار الذى يحيط بالكائن الحى و يؤثر فيه و يتأثر به.
"
1_2,4,4,"ما يحيط بالإنسان من مكونات يؤثر فيها و يتأثر بها.
"
1_2,5,5,"كل ما يحيط بالإنسان من مكونات حية أو غير حية يؤثر فيها و يتأثر بها.
"
1_2,3,2,"الوسط الذى يحيط بالإنسان و يتأثر به.
"
1_2,4,4,"الإطار الذى يحيط بالإنسان من مكونات يؤثر فيها و يتأثر بها.
"
1_2,3,2,"الحيز الذى يعيش فيه الإنسان ليتكيف مع البيئة.
"
1_2,4,4,"كل شئ يحيط بالإنسان و يتأثر به و يؤثر عليه.
"
1_2,5,4,"	الوسط الذى يحيط بالإنسان من مكونات حية و غير حية وكيفية التعامل معها.
"
1_3,5,5,"الإطار الذى يحيا فيه الإنسان مع غيره من الكائنات الحية و يحصل منها على مقومات حياته.
"
1_3,5,5,"هى الإطار الذى يحيا فيه مع غيره من الكائنات الحية و يحصل منها على مقومات حياته.
"
1_3,5,5,"هى الإطار الذى يحيا فيه الإنسان مع غيره من الكائنات الحية و يحصل منها على مقومات حياته.
"
1_3,5,5,"الحيز الذى يحيط بالإنسان مع الكائنات الحية الأخرى ليحصل على مقومات الحياة.
"
1_3,5,4,"الحيز الذى يحيط بالإنسان مع الكائنات الحية الأخرى الذى يستفيد منها للقدرة على العيش.
"
1_3,1,1,"كل ما يحيط بالإنسان من مكونات حية أو غير حية يؤثر فيها و يتأثر بها.
"
1_3,4,4,"كل ما يحيط بالإنسان من مكونات حية يحصل بها على ما يريده لمقومات الحياة.
"
1_3,5,5,"الإطار الذى يحيا فيه الإنسان مع سائر الكائنات الحية ليحصل على مقومات الحياة.
"
1_3,2,3,"الإطار الذى يشترك فيه الإنسان مع الكائنات الحية الأخرى.
"
1_3,1,1,"الإطار الذى يحيط بالكائنات الحية للتمكن من الحصول على مقومات الحياة.
"
1_4,5,5,"البيئة التى يشترك فيها الإنسان مع سائر الكائنات الحية.
"
1_4,5,5,"البيئة التى يشترك فيها الإنسان مع جميع الكائنات الحية.
"
1_4,2,2,"البيئة التى تشترك فيها جميع الكائنات الحية.
"
1_4,3,3,"هى مشاركة باقى الكائنات الحية للإنسان.
"
1_4,0,0,"كل محتويات الطبيعة من اليابس و النظام البحرى.
"
1_4,0,0,"كل محتويات الطبيعة من تضاريس و بحار و نباتات
"
1_4,4,3,"مشاركة الإنسان مع جميع الكائنات الحية.
"
1_4,5,5,"البيئة التى تهتم بمشاركة الإنسان مع الكائنات الحية.
"
1_4,0,1,"كل ما يحيط بالإنسان من بحار و محيطات و أشجار و تضاريس.
"
1_4,3,2,"البيئة التى يشترك فيها الإنسان مع الكائنات الحية و الغير حية.
"
1_5,5,5,"البيئة التى يشترك فيها الإنسان مع باقى البشر.
"
1_5,5,5,"البيئة التى يشترك فيها الإنسان مع غيره من بنى البشر.
"
1_5,0,0,"البيئة التى يشترك فيها الإنسان مع سائر الكائنات الحية.
"
1_5,0,0,"البيئة التى تعرض التفاعلات الإجتماعية المختلفة للكائنات الحية.
"
1_5,0,0,"البيئة التى تصف جميع التفاعلات الإجتماعية بين جميع الكائنات الحية
"
1_5,0,0,"البيئة التى يشترك فيها الإنسان مع سائر الكائنات الحية.
"
1_5,3,4,"البيئة التى تصف أوجه التعاون والتفاعل بين الجميع من بنى البشر.
"
1_5,5,5,"البيئة التى تصف مشاركة الإنسان مع غيره من بنى البشر.
"
1_5,0,0,"البيئة التى يشترك فيها الإنسان مع جميع الكائنات الحية.
"
1_5,3,3,"البيئة التى تهتم بالجوانب الإجتماعية بين البشر.
"
1_6,1,1,"هى البيئة التى تصنعها التكنولوجيا.
"
1_6,0,0,"هى البيئة التى تصف دور التكنولوجيا و تأثيرها على الكائنات الحية.
"
1_6,5,5,"هى البيئة التى صنعها الإنسان بعلمه و تقدمه.
"
1_6,5,5,"هى البيئة التى يصنعها الإنسان نتيجة التقدم و التطور التكنولوجى.
"
1_6,1,2,"هى البيئة  التى تضم كل الإختراعات الحديثة للإنسان.
"
1_6,4,4,"هى البيئة التى يصنعها الإنسان نتيجة التقدم العلمى.
"
1_6,1,0,"البيئة التى توضح تأثير التكنولوجيا على حياة الإنسان.
"
1_6,0,0,"كل ما يحيط بالإنسان من عوامل مستحدثة تؤثر فيه و يؤثر عليها.
"
1_6,5,5,"البيئة التى يصنعها الإنسان بعلمه و تقدمه.
"
1_6,0,1,"العوامل الحديثة التى تطرأ على الحيز الذى يعيش فيه الإنسان
"
1_7,5,5,"هو علم دراسة التفاعل بين الحياة و مكونات البيئة مع تطبيق المجالات المعرفية (الفيزيائية – الكيمائية - البيولوجية) بغرض حسن البيئة و الإستفادة بها دون إهدار أو تلويث بفعل الطبيعة أو الإنسان الغير سوى.
"
1_7,1,1,"هو العلم الذى يتناول دراسة العلاقات المتبادلة بين الكائنات الحية.
"
1_7,5,5,"هو علم دراسة التفاعل بين الحياة و مكونات البيئة مع تطبيق المجالات المعرفية (فيزيائية – كيميائية - بيولوجية) بغرض حسن البيئة و الإستفادة بها دون إهدار أو تلويث بفعل الطبيعة أو الإنسان الغير سوى.
"
1_7,1,1,"العلم الذى يعنى بدراسة التفاعل بين الحياة و مكونات البيئة.
"
1_7,1,1,"العلم الذى يهتم بالعلاقات المتبادلة بين الأحياء و البيئة.
"
1_7,3,2,"علم دراسة التفاعل بين الحياة و مكونات البيئة بغرض المحافظة على البيئة.
"
1_7,3,2,"العلم الذى يهتم بدراسة التفاعلات بين الإنسان و مكونات البيئة المختلفة للحفاظ على البيئة.
"
1_7,4,3,"هو العلم الذى يدرس التفاعل بين الحياة و مكونات البيئة من حيث تطبيق المعلومات فى المجالات المعرفية و المحافظة على البيئة.
"
1_7,3,3,"هو العلم الذى يدرس التفاعل بين الحياة و المكونات المختلفة للبيئة ووقايتها من الأثار التى تؤثر عليها.
"
1_7,3,2,"هو علم دراسة التفاعل بين الحياة و مكونات البيئة المختلفة للإستفادة بها و عدم تلوثها.
"
1_8,2,2,"هو حيز الحياة على سطح الأرض.
"
1_8,4,3,"هو المسافة بين أكبر ارتفاع فى الجبال و أقصى عمق فى البحار توجد بينها حياة.
"
1_8,4,4,"الحيز الذى توجد به الحياة وهو يمتد من أكبر عمق توجد به الحياة فى البحار إلى أقصى إرتفاع توجد عليه الحياة فى الجبال.
"
1_8,4,4,"الحيز الذى توجد به الحياة وهو يمتد من أكبر عمق توجد به الحياة فى البحار إلى أقصى إرتفاع توجد عليه الحياة فى الجبال.
"
1_8,5,5,"الحيز الذى توجد به الحياة وهو يمتد من أكبر عمق توجد به الحياة فى البحار إلى أقصى إرتفاع توجد عليه الحياة فى الجبال ولا يزيد أقصى سمك له 14 كم.
"
1_8,5,5,"الحيز الذى توجد به الحياة وهو يمتد من أكبر عمق توجد به الحياة فى البحار إلى أقصى إرتفاع توجد عليه الحياة فى الجبال ولا يزيد أقصى سمك له 14 كم.
"
1_8,5,5,"هو الحيز الذى توجد به الحياة على سطح الأرض من قيعان المحيطات حتى أسطح الجبال ويقدر سمكه 14 كم.
"
1_8,3,2,"هو الحيز الذى يوجد به حياة على سطح الأرض و فى البحار و المحيطات .
"
1_8,3,2,"هو الحيز الذى يوجد به حياة على سطح الأرض و فى البحار و المحيطات.
"
1_8,4,4,"الحيز الذى توجد به الحياة و هو يمتد من أكبر عمق فى البحار إلى أقصى ارتفاع فى الجبال.
"
1_9,5,5,"	يصف كل مل يتعلق بالكائنات الحية و المكونات الغير حية فى حيز محدود من الطبيعة وما بينها من تفاعلات متبادلة مثل الغابة و الصحراء و الواحة و الانهار و البحار.
"
1_9,5,4,"هى مجموعة من التفاعلات و التبادلات بين مكونات حية و غير حية فى حيز محدود من الطبيعة مثل الغابة و الصحراء.
"
1_9,5,5,"هو مجموعة من التفاعلات و التبادلات بين مكونات حية و غير حية فى حيز محدود من الطبيعة مثل الغابة – الصحراء – النهر – البحر – الواحة.
"
1_9,2,2,"هو نظام يصف كل ما يحيط بالإنسان من مكونات حية و غير حية.
"
1_9,5,5,"نظام يصف كل ما يتعلق بالكائنات الحية و المكونات غير الحية من تفاعلات و تبادلات فى حيز محدود من الطبيعة مثل ( الغابة – الصحراء – النهر – البحر - الواحة ).
"
1_9,3,2,"نظام يصف كل ما يتعلق بالكائنات الحية و الغير حية.
"
1_9,3,3,"نظام يصف كل ما يتعلق بالكائنات الحية و الغير حية و دراسة ما بها من تفاعلات و تبادلات.
"
1_9,1,1,"نظام يصف مجموعة تفاعلات بين الكائنات الحية.
"
1_9,2,2,"نظام يصف التفاعل بين الحياة و مكونات البيئة.
"
1_9,5,5,"هو مجموعة من التفاعلات و التبادلات بين مكونات حية و غير حية فى حيز محدود من الطبيعة مثل الغابة – الصحراء – النهر – البحر – الواحة.
"
1_10,5,5,"منظومة إيكولوجية معقدة من عمليات متشابكة و مترابطة تتميز بالعديد من المسارات التى تؤدى إلى تغير معدلات نمو الجماعات الحية و تصل بها إلى حالة مستقرة من التوازن فى إطار النظام ككل.
"
1_10,5,5,"منظومة إيكولوجية معقدة من عمليات متشابكة و مترابطة تتميز بالعديد من المسارات التى تؤدى إلى تغير معدلات نمو الجماعات الحية و تصل بها إلى حالة مستقرة من التوازن فى إطار النظام ككل.
"
1_10,5,5,"هو نظام معقد من عمليات متشابكة و مترابطة و تتميز بالعديد من المسارات التى تؤدى إلى تغير معدلات نمو الجماعات الحية و تصل بها إلى حالة مستقرة من التوازن فى إطار النظام.
"
1_10,5,5,"هو نظام معقد من عمليات متشابكة و مترابطة و تتميز بالعديد من المسارات التى تؤدى إلى تغير معدلات نمو الجماعات الحية و تصل بها إلى حالة مستقرة .
"
1_10,0,0,"يصف كل مل يتعلق بالكائنات الحية و المكونات الغير حية فى حيز محدود من الطبيعة وما بينها من تفاعلات متبادلة مثل الغابة و الصحراء و الواحة و الانهار و البحار.
"
1_10,0,0,"نظام يصف كل ما يتعلق بالطاقة و مدى تأثرها على البيئة.
"
1_10,0,0,"يصف كل ما يتعلق بالكائنات الحية و المكونات الغير حية و مدى تأثير الطاقة عليها.
"
1_10,3,3,"نظام يصف العمليات المتشابكة و المترابطة التى ئؤدى إلى حالة مستقرة من التوازن للنظام.
"
1_10,3,2,"نظام يصف العمليات المتشابكة و المترابطة التى تؤدى إلى تغير معدلات نمو الجماعات الحية.
"
1_10,0,0,"نظام يصف تأثير على الطاقة على الكائنات الحية.
"
1_11,4,4,"هى كائنات حية ذاتية التغذية تستطيع تكوين غذائها بنفسها عن طريق عملية البناء الضوئى.
"
1_11,5,5,"هى كائنات تستطيع تكوين غذائها بنفسها بعملية البناء الضوئى لوجود مادة الكلوروفيل التى تحول الطاقة الضوئية إلى طاقة كيميائية.
"
1_11,5,5,"هى كائنات حية ذاتية التغذية تستطيع تكوين غذائها بنفسها بعملية البناء الضوئى (تحويل الطاقة الضوئية إلى طاقة كيميائية) لوجود الكلوروفيل و هى تمثل قاعدة الغذاء و الحلقة الأولى فى أى سلسلة غذائية فى أى نظام إيكولوجى مثل النباتات و البلانكتون و الحشائش و الأشجار.
"
1_11,4,3,"الكائنات التى تتنتج الغذاء عن طريق عملية البناء الضوئى.
"
1_11,4,3,"الكائنات التى تتنتج الغذاء عن طريق عملية البناء الضوئى لوجود الكلوروفيل بها.
"
1_11,5,5,"هى كائنات حية ذاتية التغذية تستطيع تكوين غذائها بنفسها عن تحويل الطاقة الشمسية إلى كيميائية (عملية البناء الضوئى).
"
1_11,2,2,"هى كائنات حية ذاتية التغذية تستطيع تكوين غذائها بنفسها لباقى الكائنات الأخرى.
"
1_11,2,2,"هى كائنات حية تتنتج غذائها بنفسها و تكون حلقات الغذاء للكائنات الأخرى.
"
1_11,5,5,"هى كائنات تستطيع تكوين غذائها بنفسها بعملية البناء الضوئى لوجود مادة الكلوروفيل التى تحول الطاقة الضوئية إلى طاقة كيميائية.
"
1_11,2,2,"الكائنات التى تنتج الغذاء لغيرها من الكائنات الأخرى.
"
1_12,5,5,"هى كائنات غير ذاتية التغذية تعتمد على غيرها فى الحصول على غذائها لعدم وجود الكلوروفيل مثل آكل العشب و آكل اللحم.
"
1_12,4,4,"هى كائنات لا تستطيع تكوين غذائها بنفسها لعدم وجود الكلوروفيل بها.
"
1_12,4,5,"هى كائنات غير ذاتية التغذية تعتمد على غيرها فى الحصول على غذائها لعدم وجود الكلوروفيل.
"
1_12,3,3,"هى الكائنات التى تعتمد على غيرها للحصول على الغذاء.
"
1_12,3,3,"هى الكائنات التى تعتمد على غيرها لتحصل على غذائها.
"
1_12,5,5,"هى كائنات تعتمد على غيرها (النباتات) للحصول على الغذاء مثل آكلات العشب و اللحوم.
"
1_12,4,4,"الكائنات التى لا تعتمد على نفسها فى تكوين الغذاء و تحصل عليه من النباتات الخضراء.
"
1_12,3,3,"كائنات لا تنتج الغذاء نتيجة عدم وجود الكلوروفيل بها.
"
1_12,4,3,"كائنات تستهلك الغذاء من غيرها مثل آكلة العشب و آكلة اللحوم.
"
1_12,4,4,"كائنات غير ذاتية التغذية لعدم وجود الكلوروفيل بها و تعتمد على الكائنات المنتجة للحصول على غذائها.
"
1_13,5,5,"هى كائنات دقيقة مجهرية غير ذاتية التغذية و مترممة تتغذى على أجسام النباتات و الحيوانات الميتة و تحللها.
"
1_13,5,5,"هى كائنات مجهرية مترممة و غير ذاتية التغذية و تتغذى على أجسام الحيوانات و النباتات الميتة.
"
1_13,5,5,"هى كائنات دقيقة مجهرية غير ذاتية التغذية و مترممة تتغذى على أجسام النباتات و الحيوانات الميتة و تحللها و يطلق عليها حراس الطبيعة.
"
1_13,2,2,"كائنات تتغذى على أجسام الحيوانات الميتة .
"
1_13,5,4,"هى كائنات غير ذاتية التغذية تتغذى على النباتات و الحيوانات الميتة لتحللها و من أمثلتها البكتريا و الفطريات.
"
1_13,3,3,"هى كائنات مجهرية دقيقة تتغذى على الكائنات الميتة.
"
1_13,2,2," هى الكائنات التى تتغذى على أجسام الحيوانات و النباتات الميتة.
"
1_13,4,3,"هى كائنات دقيقة مجهرية و مترممة تحلل الكائنات الميتة مثل البكتريا.
"
1_13,2,2,"الكائنات التى تحلل أجسام الحيوانات الميتة.
"
1_13,3,3,"الكائنات التى تتغذى على الحيوانات الميتة لتحللها و تحرص الطبيعة من أضراراها.
"
1_14,5,5,"	هو حركة موضعية تؤدى لانتقال النبات لإتجاه معين نتيجة لمؤثر خارجى كالضوء.
"
1_14,4,5,"هو انحناء النبات نتيجة التعرض للضوء.
"
1_14,5,5,"هو انحناء ساق النباتات نتيجة التعرض للضوء.
"
1_14,0,0,"هى عملية تصاحب عملية البناء الضوئى للنباتات.
"
1_14,0,0,"هى العملية التى تسبق عملية البناء الضوئى.
"
1_14,4,4,"هو نمو النباتات فى اتجاهات معينة لاختلاف تركيز الضوء عليها.
"
1_14,5,4,"الحركة الموقعية للنبات نتيجة للنمو فى إتجاه يحدده موقع المؤثر من النبات كالضوء.
"
1_14,4,4,"هو نمو النباتات فى اتجاه معين على حسب شدة الضوء.
"
1_14,0,0,"هى العملية المسئولة عن إمداد النبات بالمياه الكافية.
"
1_14,5,5,"الحركة الموقعية للنبات نتيجة للنمو فى إتجاه يحدده موقع المؤثر من النبات كالضوء.
"
1_15,5,5,"العلاقة بين فترة الإضاءة و الإظلام التى يتعرض لها النبات بالتعاقب خلال 24 سنة.
"
1_15,5,5,"هى العلاقة بين فترة الإضاءة و الظلام التى يتعرض لها النبات خلال 24 ساعة بالتعاقب.
"
1_15,4,4,"هى العلاقة بين فترة الإضاءة و الظلام التى يتعرض لها النبات خلال 24ساعة.
"
1_15,5,5,"العلاقة بين فترة الإضاءة التى يحصل عليها النبات و فترة الإظلام التى يتعرض لها بالتعاقب كل 24 ساعة.
"
1_15,0,0,"هى العلاقة بين شدة الضوء و نمو النبات.
"
1_15,0,0,"تحكم شدة و اتجاه الضوء فى نمو النباتات.
"
1_15,3,2,"هى الفرق بين فترة الإضاءة و فترة الظلام التى يتعرض له النبات كل يوم.
"
1_15,3,2,"العلاقة بين الإضاءة و الظلام التى يتعرض لها النبات.
"
1_15,3,2,"العلاقة بين فترة الإضاءة و قترة الظلام التى يتعرض لها النبات.
"
1_15,5,5,"هى العلاقة بين فترة الإضاءة و فترة الظلام التى تتعرض له النباتات بالتعاقب كل 24 ساعة.
"
1_16,5,5,"هى ظاهرة حيوية ذات طبيعة دورية (فسيولوجية و غريزية)  تتم بإنتقال جماعة معينة من الحيوانات خلال أوقات أو مواسم معينة.
"
1_16,5,5,"هى ظاهرة حيوية ذات طبيعة دورية تتم بإنتقال جماعة معينة من الحيوانات فى أوقات أو مواسم معينة.
"
1_16,5,5,"ظاهرة حيوية ذات طبيعة دورية ، وهى تحدث بفعل عوامل فسيولوجية داخلية و كذلك المكان و البيئة و المواسم و المرحلة التى يمر بها الكائن الحى.
"
1_16,3,2,"إنتقال الكائن الحى من مكان إلى أخر نتيجة الظروف المناخية.
"
1_16,2,2,"إنتقال الحيوانات كل عام من مكان إلى أخر ليتكيف معه.
"
1_16,2,2,"إنتقال جماعة معينة من الحيوانات من مكان إلى أخر.
"
1_16,3,3,"ظاهرة طبيعية تحدث للحيوانات حيث تنتقل من مكان إلى أخر للتكيف مع البيئة.
"
1_16,3,4,"ظاهرة حيوية تحدث كل عام للحيوانات التى تنتقل من مكان إلى أخر.
"
1_16,5,5,"ظاهرة حيوية ذات طبيعة دورية تتم عند إنتقال الحيوانات خلال أوقات معينة فى العام من مكان إلى أخر.
"
1_16,5,5,"ظاهرة حيوية ذات طبيعة دورية تتم بإنتقال جماعة معينة من الحيوانات خلال أوقات أو مواسم معينة من مكان إلى أخر.
"
1_17,5,5,"هو قدرته على العودة لوضعه الأول بعد أى تغير يطرأ عليه دون حدوث تغيير أساسى فى تكوينه.
"
1_17,5,5,"هو قدرة النظام على العودة لوضعه الأول بعد أى تغير يطرأ عليه دون حدوث تغير أساسى فى تكوينه.
"
1_17,5,5,"قدرة النظام البيئى على العودة لوضعه الأصى بعد التغيرات التى تحدث له.
"
1_17,0,0,"عدم تعرض البيئة لإى كوارث مثل الزلازل و البراكين.
"
1_17,1,0,"ثبات النظام البيئى عند حدوث كوارث طبيعية التى تأثر على التربة.
"
1_17,4,3,"هو قدرة النظام البيئى على العودة للوضع المثالى بعد أى تغيرات تحدث عليه.
"
1_17,5,5,"قدرة النظام البيئى على العودة إلى وضعه الأول بعد أى تغير يطرأ عليه دون حدوث أى تغير أساسى فى تكوينه.
"
1_17,5,5,"قدرة النظام البيئى على العودة إلى وضعه الأول بعد أى تغير يطرأ عليه دون حدوث أى تغير أساسى فى تكوينه.
"
1_17,4,4,"الرجوع إلى الوضع الأصلى للنظام البيئى بعد التغيرات التى تحدث له.
"
1_17,3,3,"استمرار النظام على وضعه الطبيعى رغم التغيرات التى تحدث له.
"
1_18,5,5,"هى كائنات دقيقة مجهرية نباتية أو حيوانية تعيش فى المياه السطحية للبحار تحملها الأمواج بلا مقاومة.
"
1_18,5,5,"تنتشر فى الطبقة السطحية للنظام البحرى و على إمتداد المنطقة المضيئة من عمود الماء و هى كائنات دقيقة الحجم و تنقسم إلى مجموعتين هائمات نباتية و حيوانية.
"
1_18,4,4,"هى كائنات تعيش فى البحار و المحيطات تحملها الأمواج بلا مقاومة نظرا لحجمها المتناهى الصغر.
"
1_18,4,3,"كائنات دقيقة تعيش فى المياة السطحية للبحار.
"
1_18,0,0,"سيقان النباتات التى تتعلق فى إتجاه معين نتيجة شدة الضوء.
"
1_18,1,0,"مجموعة من الكائنات الحية التى تعيش فى المسطحات المائية.
"
1_18,5,5,"كائنات نباتية أو حيوانية مجهرية تحملها الأمواج بلا مقاومة لصغر حجمها.
"
1_18,3,2,"كائنات تتعلق بالأمواج فى البحار و المحيطات.
"
1_18,4,3,"كائنات تنتشر فى الطبقة السطحية فى البحار و تحملها الأمواج دون مقاومة.
"
1_18,4,4,"كائنات نباتية و حيوانية صعيرة الحجم تعيش فى المسطحات المائية المختلفة.
"
2_1,5,5,"خصائص النظام البيئى هى تعدد المكونات الحية و الغير حية ، تشابك العلاقت ، الإستقرار مع القابلية للتغير، إستخدام الفضلات كما يحدث فى النظام المائى.
"
2_1,5,5,"تعدد المكونات – تشابك العلاقات – الإستقرار مع القابلية للتغير – إستخدام فضلاته.
"
2_1,2,1,"يتمز النظام البيئى بتعدد مكوناته الحية (منتجة – مستهلكة - محللة) و غير الحية (فيزيائية - كيميائية) .
"
2_1,4,3,"الخصائص هى تشابك العلاقات و تعدد المكونات و إستخدام الفضلات.
"
2_1,3,3,"تعدد المكونات و تشابك العلاقات و التعقيدات المختلفة التى تحمى النظام.
"
2_1,3,3,"تعدد مكونات النظام البيئى و إستخدام الفضلات و التعقيدات المختلفة التى يتميز بها.
"
2_1,0,0,"يتميز النظام البيئى بأنه منظومة متكاملة تتكيف فيه كل الكائنات الحية.
"
2_1,3,3,"أهم خصائص النظام البيئى هو الإستقرار رغم كل التغيرات التى تطرأ عليه، و يتميز أيضا بالتعقيدات المختلفة التى تحميه.
"
2_1,1,1,"النظام البيئى منظومة متكاملة تتعايش فيه كل الكائنات الحية و الغير حية و تتكيف مع بعضها.
"
2_1,3,2,"تعدد المكونات و تشابك العلاقات بين الكائنات المختلفة.
"
2_2,5,4,"يتغلل الضوء فى الماء تبعا لأطوال موجاته حيث يحدد العمق الذى يصل إليه الضوء نوعية الكائنات التى تعيش فيها، عند سقوط الضوء على سطح الماء ينعكس جزء منه و يمتص جزء أخر و يبقى الجزء المتبقى حسب طول الموجة.و يلعب الضوء دور هام فى عملية البناء الضوئى للنباتات التى تعيش فى البحار.
"
2_2,4,3,"تعتمد شدة الإستضاءة فى البحار على كمية الضوء النافذ خلال ماء البحر حيث ينعكس جزء منه على سطح الماء و يمتص جزء أخر و ينفذ الجزء المتبقى إلى عمق معين و يتوقف العمق الذى يصل إليه الضوء النافذ على طولة موجة الضوء.
"
2_2,2,2,"يتأثر النظام البحرى على حسب طول الموجة ووصلها إلى الأعماق و يلعب الضوء دورا هاما فى عملية البناء الضوئى للنباتات فى المياه.
"
2_2,3,3,"تتحكم طول الموجة فى العمق الذى يصل اليه الضوء و تقل نسبة الاستضاءة بعد عمق 500 متر و يتحكم الضوء فى توزيع الكائنات الحية التى تتغذى على النباتات التى تقوم بعملية البناء الضوئى.
"
2_2,4,4,"تعتمد شدة الإستضاءة فى البحار على كمية الضوء النافذة خلال ماء البحر و الذى ينعكس جزء منه و يمتص جزء أخر و ينفذ جزء إلى المياه العميقة، فتتمتص المياه العليا الموجات الطويلة (الأشعة الحمراء) و تمتص المياه الأكثر عمقا الموجات القصيرة ( الأشعة الزرقاء و البنفسجية ) و يرجع ذلك لزرقة مياه البحر، حيث تكون جيدة الاستضاءة حتى 200 متر عمق و تقل تدريجيا حتى تنعدم تماما بعد عمق 500 متر عمق.
"
2_2,1,1,"تتنوع الكائنات الحية التى تعتمد على النبات فى غذائها حيث تقوم النباتات بعملية البناء الضوئى و تختفى فى المناطق المظلمة التى لا يصل إليها الضوء.
"
2_2,4,3,"تعتمد شدة الإستضاءة فى البحار على كمية الضوء الواصل إلى الأعماق ، و يتوقف هذا العمق على طول الموجة مثل الأشعة الحمراء طويلة الموجة، و يبدأ الظلام بعد عمق 500 متر حيث لا تعيش الكائنات الحية التى تتغذى على النبات الذى يحتاج عملية البناء الضوئى.
"
2_2,1,1,"شدة الإستضاءة تؤثر على توزيع و نمو و معيشة الكائنات الحية كما يؤثر على عملية البناء الضوئى.
"
2_2,1,1,"يقل الضوء تدريجيا عند الأعماق السفلى و بذلك لا تعيش الكائنات الحية فى الظلام.
"
2_2,1,1,"تلعب شدة الضوء التحكم فى عملية البناء الضوئى للنباتات المائية التى تتغذى عليها الكائنات الأخرى فلولا الضوء لم تكن هناك حياة فى الأعماق البعيدة.
"
2_3,4,5,"المغذيات هى أملاح الفوسفات والنترات التى تتوفر فى المياه السطحية مما يساعد النبات و الطحالب على تكوين بروتين الخلايا مما يعمل على نمو النباتات و تكاثرها.
"
2_3,3,3,"يساعد النبات و الطحالب على تكوين بروتين الخلايا مما يعمل على نمو النباتات و تكاثرها .
"
2_3,4,3,"إزدهار الحياة النباتية ووفرة الهائمات النباتية و الحيوانية التى تعتبر غذاء عام للأسماك.
"
2_3,4,5,"تتوافر فى المياه السطحية أملاح الفوسفات و النترات التى تكون البوتين فى النباتات لتتكون سلاسل الغذاء و تؤثر حركة المياه على ازدهار الحياة لجميع الكائنات.
"
2_3,3,3,"تتوافر المغذيات فى البحار حيث توجد النباتات و الطحالب و الاسماك.
"
2_3,4,4,"تساعد الاملاح و النترات على تكوين البروتين فى خلايا النباتات البحرية، و تكون سلاسل غذائية تتنوع حسب عمق و حركة المياه.
"
2_3,1,1,"تؤثر وفرة المغذيات فى النظام البحرى على تكيف جميع الكائنات الحية مثل النباتات و الاسماك مع النظام البحرى.
"
2_3,3,3,"ازدهار النبات ووفرة العوالق النباتية و الحيوانية التى تكون الغذاء لللأسماك.
"
2_3,2,2,"تؤدى وفرة المغذيات إلى تكويت البروتين الهام جدا فى تكوين النباتات التى تعتبر غذاء للأسماك.
"
2_3,0,0,"تؤدى إلى استقرار النظام البحرى رغم ما يحدث فيه من تغيرات.
"
2_4,5,5,"تتميز حيوانات الأعماق فى البحار بهيكل غضروفى و خصائص فسيولوجية لتتحمل الضغط المرتفع و الظلام الدامس و البرد الشديد.
"
2_4,1,1,"لأن جسم الحيوانات البحرية تكون مرنة و هيكلها من الغضروف.
"
2_4,3,3,"تتحمل ضغط الماء الزائد و البرودة الشديدة حيث تتميز بهيكلها الغضروفى.
"
2_4,5,5,"تتحمل كلا من : الضغط الزائد و البرودة الشديدة و الظلام الدامس.
"
2_4,5,5,"تتمتع بأجسام مرنة و هياكل غضروفية مما يساعدها على تحمل الضغط الزائد للمياه و البرودة الشديدة و شدة الظلام.
"
2_4,2,1,"تساعد القدرات الجسمية على تكيف الحيوانات فى الأعماق التى لا يصل إليها الضوء.
"
2_4,4,3,"تستطيع هذه الحيوانات التعامل مع شدة البرودة و شدة الظلام.
"
2_4,2,2,"تتميز هذه الحيوانات بهياكل غضروفية تساعدها على التكيف مع الأعماق الكبيرة.
"
2_4,4,4,"تتحمل الحيوانات البحرية البرودة الشديدة و الظلام نتيجة تكوين أجسامها.
"
2_4,5,5,"تتغلب على الصعاب مثل البرودة و الظلام و الضغط العالى للمياه.
"
2_5,5,5,"تتأقلم الحيوانات الصحراوية فى الظروف الصحراوية المحيطة بها فنجد أن: الحشرات و بعض الزواحف لها أغطية جافة محكمة حول أجسامها للإحتفاظ بالماء. الغزلان و الجمال تخرج كمية قليلة من البول و ليس لها غدد عرقية. اليربوع لا يقرب الماء طول حياته و يعتمد على العصارة النباتية. الثعابين و ثعلب الفنك تحصل على الماء من دم الفرائس. بعض الحيوانات لها آذان كبيرة لتجميع الموجات الصوتية من مسافات بعيدة.
"
2_5,4,5," تتغذى على النباتات العصرية  الصحراوية مثل التين الشوكى و الصبار. معظمها ينشط ليلا و فى الصباح الباكر و تختبئ نهارا فى حفر أو كهوف رطبة. من امثلتها (الخنافس – اليرابيع – الاورال الجبلية و الثعابين). بعضها يعتمد على دماء فرائسها كمصدر مائى لها (مثل الثعابين الصحراوية  - ثعالب الفنك). حيواناتها الصحراوية المفترسة قليلة للتوازن مع أعداد فرائسها غير متوافرة.
"
2_5,5,5,"تتغذى على النباتات العصرية الصحراوية مثل التين الشوكى و الصبار. لها أغطية جافة محكمة حول أجسامها للإحتفاظ بالماء كالزواحف. بعضها يعتمد على دم فرائسها كمصدر مائى لها مثل الثعابين الصحراوية و ثعالب الفنك. بعضها لا يقرب الماء طول حياته مثل اليرابيع. معظمها ينشط ليلا أو فى الصباح الباكر و تختبئ نهارا فى كهوف رطبة. يتركز بولها و شحيحة فى عرقها للإقتصاد فى الماء.
"
2_5,3,4,"تتغذى على النباتات الصحراوية مثل التين الشوكى  و الصبار. معظمها ينشط ليلا  وتختبئ نهارا فى كهوف رطبة. بعضها لا يقرب الماء مثل اليرابيع. بعضها لها آذان كبيرة و لها القدرة على تجميع الموجات الصوتية.
"
2_5,3,4,"تتمتع بأغطية جافة محكمة حول أجسامها للإحتفاظ بالماء. تعتمد على فرائسها كمصدر مائى. تنشط ليلا و تختبئ نهارا فى حفر و كهوف. يتركز بولها و يشح عرقها للإحتفاظ بالماء.
"
2_5,2,3,"لها أغطية جافة حول أجسامها للإحتفاظ بالماء و منها لا يقرب الماء مثل اليرابيع و منها من يخزن بولها للإستفادة منه.
"
2_5,2,2,"تتغذى على فرائسها و لها آذان كبيرة لتجميع الأصوات و بعضها تملك أغطية جافة حول أجسامها.
"
2_5,0,0,"تتحمل العطش و الحرارة الشديدة مثل الجمال.
"
2_5,1,0,"تتكيف مع العطش و درجات الحرارة المرتفعة .
"
2_5,3,2,"تخزن بولها و تشح عرقها للإقتصاد فى الماء – يوجد منها ما لا يقرب الماء مثل اليرابيع.
"
2_6,5,5,"يتم ذلك عبر الإكتشاف ثم الإختراع ثم تحويله إلى مورد مفيد لللإستفادة منه.
"
2_6,5,5,"يكتشف الإنسان فائدة الشئ فى الحياة ثم يخترع و سائل الحصول عليه و يطوره و يحوله إلى مورد.
"
2_6,5,5,"إكتشاف فائدة المكون ثم الحصول عليه و تطويره و تحويله إلى ثورة متصلة.
"
2_6,3,2,"البحث عن المورد ثم تطويره ليتلائم مع إحتياجات الإنسان.
"
2_6,4,4,"الإكتشاف و الإختراع و التطوير.
"
2_6,2,1,"تحديد أهمية الشئ و تحليل مكوناته و استخدامه .
"
2_6,3,2,"تحليل مكونات الأشياء و تحديد فوائد إستخدامها و كيفية تحويلها.
"
2_6,3,3,"تحليل عناصر البيئة و بيان أهميتها و تحويلها إلى منتج يستخدمه الإنسان.
"
2_6,4,4,"الإكتشاف و الإختراع و التطوير.
"
2_6,3,2,"تحديد فوائد المكونات و كيفية تصنيعها لتحويلها إلى مورد.
"
3_1,5,4,"إنتشار الأوبئة و الأمراض، تراكم الجثث الميتة، فقد التربة لعناصرها، إختلال نسبة عناصر التربة الأساسية.
"
3_1,5,5,"تبقى الكائنات الميتة دون تحليل و لا يمكن الحصول على عناصر الكربون و النيتروجين و تنتشر الأمراض و الأوبئة.
"
3_1,2,2,"إنتشار الأمراض و الأوبئة و عدم إستمرار الحياة.
"
3_1,2,3,"عدم القدرة على تحليل الاجسام الميتة و إنتشار الأمراض.
"
3_1,1,1,"إنتهاء النظام الإيكولوجى لإنتشار الأمراض.
"
3_1,3,3,"بقاء الكائنات الميتة دون تحلل مما يساعد على إنتشار الأمراض.
"
3_1,4,4,"إنتشار الأمراض و فقد التربة لعناصرها و إنتهاء النظام البيئى.
"
3_1,1,1,"إنتشار جثث الكائنات الميتة و عدم تحللها.
"
3_1,4,4,"إختفاء عناصر الكربون و النتيروجين التى تنتج من أجسام الجثث بعد تحللها و إنتشار الأمراض.
"
3_1,4,4,"تنتشر الأمراض و تختفى عناصر الكربون و النتيروجين اللازمة لإستمرار الحياة.
"
3_2,5,5,"عدم حدوث عملية البناء الضوئى.
"
3_2,5,5,"عدم حدوث عملية البناء الضوئى.
"
3_2,5,5,"عدم حدوث عملية البناء الضوئى.
"
3_2,5,5,"لن تتم عملية البناء الضوئى لأن الكلوروفيل هو المسئول عن إمتصاص الموجات الضوئية التى تحول فيما بعد لغذاء.
"
3_2,5,5,"لن تتم عملية البناء الضوئى لأن الكلوروفيل هو المسئول الأول عن حدوثها.
"
3_2,5,5,"لا تتم عملية البناء الضوئى.
"
3_2,5,5,"لا تتم عملية البناء الضوئى.
"
3_2,5,5,"الكلوروفيل هو المسئول عن إمتصاص الضوء و تحويله إلى البلاستيدات لتكوين الغذاء و إختفاءه يعنى عدم إكتمال عملية البناء الضوئى.
"
3_2,5,5,"عدم حدوث عملية البناء الضوئى لأن الكلوروفيل يلعب دورا هاما فيها.
"
3_2,5,5,"لا تحدث عملية البناء الضوئى التى تكون الغذاء للنباتات.
"
3_3,5,5,"ينمو خضريا فقط ولا يزهر ولا يثمر لعدم ملائمة العوامل الداخلية اللازمة لكى يصل النبات لمرحلة الإزهار.
"
3_3,5,5,"ينمو النبات خضريا فقط دون أن يزهر.
"
3_3,5,5,"ينمو النبات خضريا فقط دون أن يزهر.
"
3_3,5,5,"ينمو النبات خضريا فقط دون أن يزهر.
"
3_3,5,5,"لا تتم عملية الإزهار لنبات القمح.
"
3_3,5,5,"ينمو النبات خضريا فقط دون أن يزهر.
"
3_3,5,5,"لا تتم عملية الإزهار لعدم توافر العوامل اللازمة للإزهار.
"
3_3,5,5,"لا تتم عملية الإزهار و ينمو خضريا فقط.
"
3_3,5,5,"ينمو خضريا فقط و لا يزهر.
"
3_3,0,0,"يؤثر على نمو النبات و إنتاجية المحصول.
"
3_4,5,5,"تلجأ إلى فترة السكون و هو ينعدم فيها النشاط الحيوى لأجهزة الجسم بإستثناء الأجهزة الضرورية لبقاء الحيوان حيا مثل : التجرثم – التحوصل – البيات الشتوى – الخمول الصيفى.
"
3_4,5,5,"تلجأ الحيوانات الأولية إلى التحوصل و البكتريا إلى التجرثم.
"
3_4,5,5,"تقوم الحيوانات الأولية بتكوين الحويصلات و البكتريا تقوم بتكوين الجراثيم.
"
3_4,2,2,"تلجأ الحيوانات إلى عمليات البيات الشتوى و الخمول الصيفى.
"
3_4,2,2,"تلجأ الحيوانات إلى مرحلة السكون مثل عمليات البيات الشتوى و الخمول الصيفى.
"
3_4,0,0,"تتكيف مع درجة حرارة الوسط لطبيعة أجسامها.
"
3_4,5,5,"ينعدم النشاط الحيوى لأجهزة الجسم الغير ضرورية و تقوم بعمليات تكوين الحويصلات و الجرائيم.
"
3_4,0,0,"تقوم الحيوانات الأولية بالهجرة و تختفى البكتريا.
"
3_4,2,2,"تتكيف الحيوانات الأولية و البكتريا عن طريق عمليات التجرثم و التحوصل و البيات الشتوى و الخمول الصيفى.
"
3_4,1,1,"تتعطل جميع الأجهزة الغير ضرورية و تدخل فى مرحلة سكون.
"
3_5,5,5,"تلجأ إلى البيات الشتوى.
"
3_5,5,5,"تقوم بعملية البيات الشتوى.
"
3_5,5,5,"تقوم بعملية البيات الشتوى.
"
3_5,5,5,"تتجمع فى أنفاق و تقوم بالبيات الشتوى.
"
3_5,5,5,"تلجأ للبيات الشتوى.
"
3_5,5,5,"تلجأ للبيات الشتوى.
"
3_5,0,1,"تتكيف مع درجة الحرارة عن طريق طبيعة جسمها.
"
3_5,0,1,"تستخدم خواص أجسماها للتكيف مع درجات الحرارة المنخفضة.
"
3_5,1,1,"تقوم السلاحف الصحراوية إلى الهجرة.
"
3_5,1,1,"تقوم بالهجرة إلى المناطق التى يوجد بها درجات حرارة مناسبة لها.
"
3_6,3,3,"تلجأ إلى البيات الشتوى.
"
3_6,3,3,"تلجأ إلى البيات الشتوى.
"
3_6,3,3,"تلجأ إلى عملية البيات الشتوى.
"
3_6,5,5,"بعضها يلجأ للبيات الشتوى و البعض الأخر يلجأ للهجرة.
"
3_6,3,3,"تلجأ إلى فترة السكون التى تسمى البيات الشتوى.
"
3_6,5,5,"بعضها يلجأ إلى البيات الشتوى و الأخر يلجأ إلى الهجرة.
"
3_6,3,3,"تقوم بعملية البيات الشتوى.
"
3_6,2,2,"الهجرة إلى مناطق أكثر ملائمة.
"
3_6,5,5,"تقوم بالبيات الشتوى أو الهجرة لمناطق ذات درجات حرارة مناسبة.
"
3_6,0,1,"تستخدمها أجسامها الفقارية للتكيف مع البيئة
"
3_7,5,5,"يظل النظام البيئى فى حالة إستقرار.
"
3_7,5,5,"يحدث توزان طبيعى و يظل النظام البيئى فى حالة استقرار دائم.
"
3_7,5,5," يحدث توزان طبيعى و يظل النظام الإيكولوجى فى حالة استقرار.
"
3_7,0,1,"لا تحدث عمليات التكيف مع العوامل الجديدة مثل الخمول الصيفى و البيات الشتوى.
"
3_7,5,5," يتمتع النظام البيئى بحالة إستقرار دائم.
"
3_7,4,4,"يستقر النظام البيئى لعدم وجود عوامل طارئة.
"
3_7,4,3," يحدث  إتزان طبيعى للنظام البيئى.
"
3_7,4,3," تسيطر حالة من الإستقرار على جميع مكونات النظام البيئى.
"
3_7,0,1,"لا تقوم الكائنات الحية بإى عمليات خاصة للتكيف مع النظام البيئى.
"
3_7,0,1,"تمارس الكائنات الحية نشاطها بحالة عادية لعدم وجود عوامل جديدة أو طارئة.
"
3_8,5,5,"تزداد نسبة الملوحة فى البحار.
"
3_8,5,5,"تزداد نسبة الملوحة فى البحار.
"
3_8,5,5,"ترتفع درجة الملوحة فى هذه البحار.
"
3_8,0,0,"يقل منسوب هذه البحار.
"
3_8,0,0,"يقل منسوب المياه لنقص الأمطار.
"
3_8,2,3,"يقل منسوب البحار و تزداد درجة الملوحة.
"
3_8,5,5,"ترتفع نسبة الملوحة.
"
3_8,5,5,"ترتفع نسبة الملوحة نتيجة ازدباد البخر و نقص الأمطار.
"
3_8,5,5,"ترتفع نسبة ملوحة هذه البحار.
"
3_8,5,5,"تزداد درجة الملوحة.
"
3_9,2,2,"لا تتكون الهائمات.
"
3_9,4,4,"لا تتحلل أجسام الكائنات الحية و لا تتكون الهائمات مما يقلل من عدد و كمية السلالسل الغذائية.
"
3_9,2,1,"لا تتحل الكائنات إلى عناصرها التى تساعد فى تكوين هذه السلاسل الغذائية.
"
3_9,2,2,"لا تتكون الهائمات أو العوالق التى تتكون بعد عملية التحليل .
"
3_9,0,0,"تنتشر الأمراض و الأوبئة لعدم وجود الكائنات المحللة.
"
3_9,1,0,"يمر النظام البحرى بحالة عدم إستقرار.
"
3_9,4,5,"لا يتم تحليل أجسام الكائنات التى تتحول بفعل حركة المياه إلى الهائمات قيقل عدد السلاسل الغذائية.
"
3_9,0,0,"تنتشر الأمراض و الأوبئة نتيجة عدم تحلل الكائنات الميتة.
"
3_9,1,1,"يمر النظام البحرى بعملية عدم إستقرار لغياب الكائنات المحللة.
"
3_9,2,2,"لا تتكون العوالق النباتية الأساسية لتكوين السلاسل الغذائية.
"
3_10,5,5,"لا تنتقل نسبة كبيرة من الطاقة من حلقة إلى أخرى.
"
3_10,5,5,"إهدار نسبة كبيرة من الطاقة عند الانتقال من حلقة إلى أخرى.
"
3_10,4,5,"يتم إهدار جزء كبير من الطاقة الموجودة فى هذه السلاسل.
"
3_10,5,5,"يتم إهدار الطاقة عند إنتقالها من حلقة إلى أخرى.
"
3_10,0,0,"تتنوع المنتجات التى تتغذى عليها الكائنات البحرية.
"
3_10,0,0,"تتوفر نسبة كبيرة من الغذاء للكائنات البحرية.
"
3_10,5,5,"تهدر نسبة كبيرة من الطاقة عند الانتقال من حلقة إلى أخرى.
"
3_10,0,0,"تجد الكائنات البحرية ما تحتاجه من غذاء.
"
3_10,0,0,"توفير الغذاء اللازم للكائنات البحرية.
"
3_10,5,5,"تقل نسبة الطاقة بسبب الإنتقال من حلقة غلى أخرى.
"
3_11,4,4,"زيادة فى أعداد و أحجام تلك الأشجار و لا تضار إذا كان الرعى منتظما.
"
3_11,5,5,"تزداد أعداد و أحجام تلك الأشجار و الشجيرات نتيجة لإزالة الأعشاب التى تستخدم نفس المياه.
"
3_11,5,5,"تزداد أعداد و أحجام تلك الأشجار و الشجيرات نتيجة لإزالة الأعشاب التى تنافسها على الماء.
"
3_11,3,3,"تزداد أعداد و أحجام تلك الأشجار و الشجيرات.
"
3_11,4,4,"إزالة الأعشاب و بالتالى زيادة احجام الأشجار.
"
3_11,3,3,"تزداد أعداد و كذلك أحجام الأشجار.
"
3_11,0,0,"تستخدم الحيوانات الشجيرات كغذاء لها.
"
3_11,0,0,"ينتج عن ذلك تآكل الغطاء النباتى.
"
3_11,0,0,"يحدث تآكل للغطاء النباتى.
"
3_11,5,5," تتغذى الحيوانات على الأعشاب و بالتالى تستخدم الأشجار الكثير من المياه فتزداد و تنمو.
"
3_12,3,2,"تآكل الغطاء النباتى و سيادة الأنواع غير المستساغة.
"
3_12,2,2,"يحدث تآكل للغطاء النباتى.
"
3_12,4,4,"يحدث تآكل للغطاء النباتى.
"
3_12,4,4,"تآكل الغطاء النباتى و ظهور عوامل التعرية و إنحراف التربة.
"
3_12,4,4,"تدهور الغطاء النباتى و زيادة عوامل التعرية و انجراف التربة.
"
3_12,2,2,"يتآكل الغطاء النباتى.
"
3_12,5,5,"تآكل الغطاء النباتى و زيادة عوامل التعرية و إنجراف التربة و ينتج عن ذلك ظاهرة الزحف الصحراوى.
"
3_12,4,3,"تحدث ظاهرة الزحف الصحراوى نتيجة تآكل الغطاء النباتى.
"
3_12,3,2,"يؤدى إلى انهيار الغطاء النباتى و سيطرة الأنواع الغير مستساغة على البيئة الصحراوية.
"
3_12,4,3,"يؤدى ذلك إلى تدهور التربة مما يؤدى إلى ظاهرة الزحف الصحراوى.
"
3_13,3,4,"يمر النظام البيئى لحالة من عدم الإستقرار.
"
3_13,3,4,"يحدث إختلال للتوزان فى النظام .
"
3_13,3,4,"يؤثر ذلك على استقرار النظام البيئى البحرى.
"
3_13,5,5,"يحدث اختلال لتوزان النظام البيئى نتيجة الإسراف.
"
3_13,3,4,"يمر النظام البيئى بحالة من عدم الاستقرار الجزئى.
"
3_13,3,4,"يؤثر ذلك على إستقرار النظام البيئى البحرى.
"
3_13,5,5,"اختلال لتوازن النظام البيئى نتيجة الإسراف و عدم ترشيد الاستهلاك.
"
3_13,5,5,"اختلال لتوازن النظام البيئى نتيجة الإسراف و عدم ترشيد الاستهلاك.
"
3_13,3,4,"إختلال التوازن و عدم استقرار النظام البحرى.
"
3_13,3,4,"تحدث حالة من عدم الإستقرار للنظام البحرى.
"
4_1,3,3,"لأنه يضم جميع الكائنات الحية و كذلك الكائنات الغير حية.
"
4_1,5,5,"تتعد مكونات النظام حيث يوجد مكونات حية مثل الكائنات المنتجة و المستهلكة و المحللة و كذلك الكائنات الغير حية التى تضم العوامل الفيزيائية و الكيميائية.
"
4_1,3,2,"تتعد المكونات حيث توجد كائنات منتجة للغذاء و كائنات مستهلكة و كائنات محللة.
"
4_1,3,3,"توجد العديد من الكائنات الحية و غير الحية التى تتفاعل مع بعضها لاستقرار النظام.
"
4_1,3,3,"بسبب وجود كائنات منتجة للغذاء و كائنات مستهلكة و كائنات محللة كلا منها يقوم بدوره لحفظ الطبيعة.
"
4_1,5,5,"توجد عوامل غير حية مثل العوامل الفيزيائية و الكيميائية ، كما توجد عوامل حية التى تتنوع من كائنات منتجة و مستهلكة و محللة.
"
4_1,3,2,"لتعدد المكونات الحية و المكونات الغير حية.
"
4_1,0,1,"تعدد مكونات النظام البيئى حيث يوجد كائنات أرضية و كائنات بحرية و كائنات غير حية تتفاعل مع بعضها البعض.
"
4_1,5,5,"تضم كائنات غير حية مثل العوامل الفيزيائية و العوامل الكيميائية وكائنات حية مثل الكائنات المنتجة و المستهلكة للغذاء و كذلك الكائنات المحللة.
"
4_1,3,3,"حيث تتنوع جميع الكائنات الحية و الغير حية للتكيف مع بعضها لاستقرار البيئة.
"
4_2,5,5,"تحليل أجسام الكائنات بعد موتها و تعيد إلى التربة عناصرها الأساسية مثل الكربون و الفسفور و النتيروجين و تساعد على عدم نشر الأمراض و الأوبئة.
"
4_2,5,5,"تحلل الجثث الميتة فتمنع إنتشار الأوبئة و الأمراض، تحلل الجثث فتمنع تراكمها، تحلل الجثث فتعيد للتربة عناصرها الأساسية كالكربون و الفسفور و النتيروجين فتظل ثابتة فى النظام الإيكولوجى.
"
4_2,4,3,"لأنها تحلل أجسام الكائنات الميتة فتمنع انتشار الأمراض.
"
4_2,4,3,"تقوم بتحليل الجثث و تساعد على عدم إنتشار الأمراض و الأوبئة.
"
4_2,4,4,"حيث أنها تعيد للتربة عناصرها الأساسية مثل الفوسفور و الكربون و تمنع انتشار الأمراض.
"
4_2,2,1,"تحلل الجثث فتحمى الطبيعة من الأمراض المختلفة.
"
4_2,4,4,"تعيد للتربة عناصرها الأساسية مثل الكربون و النتيروجين و الفوسفور بعد عملية تحليل الكائنات الميتة مما يساعد على حماية البيئة.
"
4_2,3,3,"لأنها تحلل الكائنات الميتة و تمنع تراكمها و تحمى الطبيعة من الأمراض.
"
4_2,4,3,"تؤمن إستمرار النظام البيئى حيث انها تعيد للتربة عناصرها الاساسية بعد عملية التحلل.
"
4_2,3,3,"تمنع تراكم الكائنات الميتة مما يساعد على عدم إنتشار الأمراض.
"
4_3,3,3,"لأنه يتجه نحو الضوء.
"
4_3,5,5,"يقوم النبات بإفراز مواد محفزة لنمو الخلايا (الأوكسينات) التى تنشط بدرجة أكبر من الضوء فتؤدى لنمو الخلايا التى فى الظلام بدرجة أكبر من نمو الخلايا التى فى الضوء فينحنى النبات ناحية الضوء.
"
4_3,5,5,"يقوم النبات بإفراز الأوكسينات فتؤدى لنمو الخلايا التى فى الظلام بدرجة أكبر من نمو الخلايا التى فى الضوء.
"
4_3,3,3,"لإتجاه الساق ناحية الضوء.
"
4_3,3,3,"نتيجة إتجاه الساق ناحية الضوء.
"
4_3,5,5,"لتراكم المواد المحفزة للنمو (الأوكسينات) فى الجهة البعيدة من الضوء مما يؤدى إلى استطالة خلايا الساق البعيدة عن الضوء بدرجة أكبر من الخلايا المواجهة للضوء، فيتجه الساق نحو الضوء.
"
4_3,4,3,"نتيجة إستطالة خلايا الساق البعيدة عن الضوء أكثر من الخلايا الموجهة للضوء.
"
4_3,3,3,"لأن الساق تتجه ناحية الضوء.
"
4_3,5,5,"لتراكم الأوكسينات فى الجهة البعيدة عن الضوء مما يؤدى لأنحناء الساق تجاه الضوء.
"
4_3,3,3,"لسرعة نمو الخلايا فى الظلام مما يؤدى إلى انحناء الساق ناحية الضوء.
"
4_4,4,4,"لأن التواقت الضوئى غير مناسب.
"
4_4,3,3,"لعدم ملاءمة العوامل الداخلية اللازمة لكى يصل النبات لمرحلة الإزهار.
"
4_4,3,3,"لأن التواقت الضوئى غير مناسب والتواقت الضوئى المناسب يكون فى شهرى اكتوبر ونوفمبر.
"
4_4,5,5,"لعدم ملاءمة العوامل الداخلية و لأن التواقت الضوئى غير مناسب فى هذين الشهرين.
"
4_4,3,2,"لأن العوامل البيئة لا تلائم النبات ليصل لمرحلة الإزهار.
"
4_4,1,0,"لأنه يفضل زراعة القمح فى درجات الحرارة المرتفعة جدا.
"
4_4,1,0,"لأن درجة الحرارة فى فبراير و مارس لا تصل لدرجات الحرارة المطلوبة لزراعة القمح.
"
4_4,3,3,"خلال شهرى فبراير و مارس يكون التواقت الضوئى المسئول عن الإزهار غير مناسب.
"
4_4,1,0,"لعدم ملائمة الأحوال الجوية للزراعة فى الشهرين.
"
4_4,5,4,"لعدم ملائمة التفاعلات الداخلية و التواقت الزمنى الغير مناسب يمنع الإزهار.
"
4_5,5,5,"لأنها تهاجر بحثا عن الدفء و الغذاء حيث ثبت أن طول النهار يؤثر على نشاط الطيور وزيادة حجم الغدد الجنسية.
"
4_5,5,5,"لأن طول فترة النهار يؤثر على نشاط الطيور و زيادة حجم الغدد الجنسية.
"
4_5,5,5,"زيادة النشاط الجنسى للطيور فى فصل الربيع مما يسمح للطيور بفترة أطول للبحث عن الغذاء وهذا يؤثر على نشاط الطيور و يزيد من حجم الغدد التناسلية.
"
4_5,5,5,"لأن طول فترة النهار يؤثر على نشاط الطيور و زيادة حجم الغدد الجنسية.
"
4_5,5,5,"لأن طول فترة النهار يؤثر على نشاط الطيور و زيادة حجم الغدد الجنسية.
"
4_5,5,5,"لأنه ثبت أن طول فترة النهار يؤثر على نشاط الطيور و حجم الغدد الجنسية.
"
4_5,5,5,"لأن حجم الغدد الجنسية يزداد بطول فترة النهار مما يساعد على نشاط الطيور.
"
4_5,5,5,"طول فترة النهار فى فصل الربيع يؤثر على نشاط الطيور و على نشاط الغدد الجنسية.
"
4_5,5,5,"لأنه ثبت أن طول فترة النهار يؤثر على نشاط الطيور الذى يؤثر بدوره فى حجم الغدد الجنسية الذى يزداد بزيادة طول فترة النهار و يقل بنقصانها.
"
4_5,3,3,"لملائمة الأحوال الجوية فى النهار حيث تحتاج الطيور إلى الدفء.
"
4_6,5,5,"لأنه عندما يتجمد الماء إلى 3 درجات مئوية تقل كثافته فيطفو على السطح و بذلك يعمل كطبقة فاصلة على الماء أسفله فى درجة حرارة تناسب حياة الكائنات الحية.
"
4_6,5,5,"لأن عند إنخفاض درجة حرارة المياه السطحية إلى 3 درجات مئوية يتممد الماء و تصبح كثافته أقل فيطفو على السطح ثم يتجمد و لذلك يحافظ على الأحياء من التجمد.
"
4_6,5,5,"بسبب انخفاض درجة حرارة المياه السطحية إلى 3 درجات مئوية فيتمدد الماء و تقل كثافته و يطفو إلى السطح ثم يتجمد مما يحافظ على الأحياء المائية أسفله من التجمد.
"
4_6,0,0,"لطبيعة أجسامها التى تتكيف بها فى جميع الاوضاع.
"
4_6,0,0,"لأنها تخرج من أجسامها مواد تساعد على تدفئة الوسط فلا تتجمد.
"
4_6,4,4,"تطفو الكائنات الحية إلى السطح عندما تصل درجة الحرارة إلى 3 درجات مئوية.
"
4_6,5,5,"عندما تصل درجة الحرارة إلى 3 درجات مئوية يتمدد الماء و تقل كثافته و تطفو الكائنات إلى السطح قبل تجمد المياه.
"
4_6,5,5,"لأن عندما تنخفض درجة الحرارة إلى 3 درجات مئوية يتمدد الماء و تصبح كثافته اقل فيطفو على السطح ثم يتجمد مما يحافظ على الاحياء فتعمل الثلوج كعازل لدرجة الحرارة الخارجية.
"
4_6,3,2,"تطفو الكائنات البحرية إلى السطح قبل التجمد نتيجة كثافة المياه.
"
4_6,4,3,"تطفو الكائنات البحرية إلى المياه السطحية قبل التجمد و بعد تجمد المياه تتكون طبقة فاصلة من الثلوج.
"
4_7,4,4,"لأن النظام البيئى المعقد يصعب تدميره.
"
4_7,5,5,"لأن النظام البيئى المعقد يصعب تدميره لما يوجد لديه من بدائل كثيرة أما النظام البيئى البسيط يسهل تدميره.
"
4_7,3,2,"لأنه لا يتاثر بالتغيرات البيئة المختلفة.
"
4_7,4,4,"لأن النظام البيئى المعقد يصعب تدميره و النظام البيئى البسيط  يسهل تدميره.
"
4_7,3,2,"لا يتاثر النظام البيئى المعقد بأى تغيرات تحدث نتيجة تماسك مكوناته.
"
4_7,2,2,"يساعد التعقيد على سلامة النظام مهما حدث من تغيرات بيئية.
"
4_7,4,4,"لأن النظام البيئى المعقد يصعب تدميره و النظام البيئى البسيط يسهل تدميره.
"
4_7,5,5,"لأن هذا التعقيد هو أحد العوامل الأساسية فى سلامة كل نظام بيئى إذ أنه يحد من أثر التغيرات الإيكولوجية.
"
4_7,3,3,"بسبب تنوع مكونات النظام البيئى التى تتفاعل مع بعضها لتصبح أكثر إستقرارا.
"
4_7,4,4,"لصعوبة تدمير النظام البيئى المعقد لترابط مكوناته.
"
4_8,5,5,"بسبب وجود عوامل فيزيائية و كيميائية و كائنات حية و علاقات متبادلة و متشابكة بين الكائنات الحية و المكونات الغير حية مما يعنى وجود شبكة من العلاقات الغذائية داخل النظام الايكولوجى.
"
4_8,4,3,"نظرا للتفاعلات المتبادلة بين الكائنات الحية و الكائنات الغير حية.
"
4_8,5,5,"بسبب وجود عوامل فيزيائية و كيميائية و كائنات حية و علاقات متبادلة و متشابكة بين الكائنات الحية و المكونات الغير حية مما يعنى وجود شبكة من العلاقات الغذائية داخل النظام الايكولوجى.
"
4_8,1,1,"لأن تشابك العلاقات يؤدى إلى الإستقرار.
"
4_8,1,1,"لأن هذا التشابك يصعب تدميره و يساعد على الإستقرار.
"
4_8,5,5,"لأن النظام البيئى يحتوى على عوامل فيزيايئة و كيميائية و علاقات مترابطة  بين الكائنات الحية و الغير حية مما يساعد على تكوين شبكة من العلاقات الغذائية.
"
4_8,4,3,"لوجود علاقات و تفاعلات بين الكائنات الحية و الكائنات الغير حية.
"
4_8,4,3,"لوجود علاقات بين الكائنات المختلفة فى البيئة سواء كانت حية أو غير حية.
"
4_8,5,5,"نظرا لما يحتويه من عوامل فيزيائية و كيميائية و كائنات حية متنوعة، و علاقات متبادلة و متشابكة بين هذه الكائنات الحية من جهة و بين العوامل غير الحية من جهة أخرى.
"
4_8,1,1,"لأن هذا التشابك يصعب تدميره و يساعد على الإستقرار.
"
4_9,5,5,"لأن النظام البيئى يستخدم فضلاته فى الماء و على اليابس ، فى الماء الكائنات البحرية تخرج ثانى أكسيد الكربون فى عملية التنفس و تستخدمه النباتات البحرية فى عملية البناء الضوئى و تخرج الأكسجين ليتنفسه أحياء الماء، و على اليابس يخرج الأنسان و الحيوان ثانى أكسيد الكربون عند التنفس و تستخدمه النباتات فى عملية البناء الضوئى.
"
4_9,2,2,"تستخدم الكائنات البحرية غاز ثانى أكسيد الكربون فى عملية البناء الضوئى و تنتج غاز الأكسجين.
"
4_9,5,5,"تتغذى الطحالب على الفضلات العضوية للأسماك ثم تتغذى الأسماك على الطحالب، و تستخدم الكائنات البحرية غاز ثانى أكسيد الكربون الناتج من تنفس الكائنات الحية فى عملية البناء الضوئى و تحوله إلى أكسجين.
"
4_9,3,2,"تتغذى الأسماك على الطحالب التى تستخدم فضلات الأسماك كغذاء لها.
"
4_9,5,5,"لأن الفضلات العضوية التى تخرجها الأسماك تتغذى عليها الطحالب و تستخدم الأسماك الطحالب كغذاء لها، و كذلك تستخدم النباتات غاز ثانى أكسيد الكربون الناتج من تنفس الكائنات الحية فى عملية البناء الضوئى.
"
4_9,3,4,"حيث يعاد إستخدام الفضلات العضوية و غاز ثانى اكسيد الكربون و الاكسجين.
"
4_9,0,0,"تحلل الكائنات المحللة الفضلات لتحافظ على البيئة.
"
4_9,0,0,"تقوم الكائنات المحللة بتحليل الفضلات لتحافظ على البيئة.
"
4_9,5,5,"مثال لذلك النظام البحرى فالطحالب تستخدم فضلات الاسماك كغذاء لها و تستخدم النباتات غاز ثانى اكسيد الكربون فى عملية البناء الضوئى.
"
4_9,3,2,"حيث تستخدم بعض الكائنات الحية مثل الطحالب الفضلات كغذاء لها.
"
4_10,5,5,"لأن البحار و المحيطات متصلة ببعضها فهى تشكل بيئة ثابتة أما البيئات الأرضية منفصلة على شكل قارات و بؤر متباعدة.
"
4_10,5,5,"لأن البيئات المائية متصلة بينما البيئات الأرضية منفصلة متباعدة و تختلف عليها الظروف الفيزيائية و الكيميائية و البيولوجية كالمناخ و التربة.
"
4_10,5,5,"لأن البحار و المحيطات متصلة ببعضها فهى تشكل بيئة ثابتة أما البيئات الأرضية منفصلة على شكل قارات و بؤر متباعدة.
"
4_10,5,5,"نظرا لاتصال مياه البحار و المحيطات ببعضها البعض لذلك فهى ثابتة نسبيا عن البيئات الأرضية التى تتفاوت فى ظروفها الفيزيائية و الكيميائية و البيولوجية نظرا لانفصالها فى شكل قارات و جزر متباعدة.
"
4_10,5,4,"نظرا لأن البيئات المائية البحرية متصلة ببعضها البعض أما البيئات الأرضية غير متصلة.
"
4_10,1,0,"نتيجة ترابط و تماسك الكائنات البحرية التى تتعاون مع بعضها و تعطى ثباتا للنظام البحرى.
"
4_10,1,0,"نظرا لأن البيئات البحرية على جانب من التعقيد أكثر من البيئات الأرضية.
"
4_10,5,4,"لأن البيئات المائية البحرية متصلة ببعضها البعض عكس البيئات الأرضية التى تنفصل إلى قارات.
"
4_10,5,5,"لأن البحار و المحيطات متصلة و البيئة الأرضية منفصلة نتيجة الظروف الفيزيائية و الكيميائية و البيولوجية المختلفة.
"
4_10,1,0,"نتيجة تماسك الكائنات البحرية و تفاعلها القوى مع النظام البيئى.
"
4_11,4,4,"بسبب إرتفاع الحرارة و إزدياد البخر ، عدم وجود مصبات نهرية  و ثلاجات و سيول ، قلة الأمطار.
"
4_11,4,3,"زيادة البخر و قلة الأمطار فى البحر الأحمر و العكس فى بحر البلطيق.
"
4_11,4,4,"فى البحر الأحمر تزيد نسبة البخر، و تنقص الأمطار ، بينما فى بحر البلطيق ينقص البخر و تزداد السيول.
"
4_11,5,5,"لأن البحر الأحمر تزيد فيه نسبة البخر، و تنقص الأمطار أو مصبات الأنهار، بينما فى بحر البلطيق ينقص البخر و تزداد السيول أو مصبات الأنهار.
"
4_11,4,4,"فى البحر الأحمر تزيد نسبة البخر و تنقص الأمطار و العكس يحدث فى بحر البلطيق.
"
4_11,2,2,"لإرتفاع درجات الحرارة فى البحر الأحمر عنها فى بحر البلطيق.
"
4_11,3,2,"لإرتفاع درجة الحرارة و قلة الأمطار فى البحر الأحمر.
"
4_11,4,4,"فى البحر الأحمر تزيد نسبة البخر، و تنقص الأمطار ، بينما فى بحر البلطيق ينقص البخر و تزداد السيول.
"
4_11,2,2,"نظرا لنقص مصبات الأنهار فى البحر الأحمر و زيادتها فى بحر البلطيق.
"
4_11,3,2,"ترتفع الملوحة لزيادة نسبة البخر و قلة السيول فى البحر الأحمر.
"
4_12,5,5,"حيث تختزن مياه البحار حرارة الشمس نهارا و تسربها ليلا.
"
4_12,5,5,"حيث تختزن مياه البحار حرارة الشمس نهارا و تسربها ليلا.
"
4_12,5,5,"لأن مياه البحار تمتص حرارة الشمس نهارا و تخزنها ثم تسربها ليلا بعكس المناطق القارية التى تتفاوت فيها درجات الحرارة على مدار اليوم و السنة.
"
4_12,5,5,"لأن مياه البحار تخزن حرارة الشمس فى النهار و تسربها فى الليل مما يساعد على تدفئة الجو.
"
4_12,1,0,"تمتع المناطق الساحلية بجو دافئ نتيجة تأثير البحار و المحيطات و حرارة الشمس.
"
4_12,5,5,"فى المناطق الساحلية تخزن درجة الحرارة نهارا و تتسرب ليلا أما فى المناطق القارية فتختلف درجات الحرارة طبعا للمناخ فى هذا التوقيت.
"
4_12,1,0,"نتيجة تركيز حرارة الشمس الشديدة على البحار.
"
4_12,5,5,"لأن البحار تقوم بتخزين حرارة الشمس فى النهار و توزعها ليلا .
"
4_12,0,0,"لأن المناطق القارية تتعرض لظروف مناخية غير مستقرة.
"
4_12,5,5,"لأن مياه البحار تختزن بالنهار ثم توزع بالليل إلى الفضاء و اليابسة المحيطة فيتوفر الدفء أما فى المناطق القارية تتقلب درجات الحرارة على مدار اليوم.
"
4_13,5,5,"لأن المياه تكون جيدة الاستضاءة حتى عمق 200 متر و تقل تدريجيا حتى تنعدم تماما حتى عمق 500 متر.
"
4_13,3,3,"لوصول ضوء الشمس فى هذا العمق.
"
4_13,4,3,"لأن المياه فى هذا العمق جيدة الإستضاءة.
"
4_13,0,0,"نتيجة توافر ضغط الماء المناسب.
"
4_13,0,0,"بسبب تركيز الملوحة فى المناطق الأقل عمقا من 200 متر.
"
4_13,5,5,"لأن شدة الإستضاءة فوق هذا العمق تساعد على إكتمال عملية البناء الضوئى.
"
4_13,5,5,"لتوافر شدة الإستضاءة الكافية حيث يستطيع الضوء النفاذ حتى عمق 200 متر مما يساعد على القيام بعملية البناء الضوئى.
"
4_13,4,3,"لشدة الإستضاءة فى هذا العمق.
"
4_13,5,5,"لأن شدة الإستضاءة فوق 200 متر تساعد على القيام بعملية البناء الضوئى.
"
4_13,0,0,"لإنخفاض ضغط الماء فوق هذا العمق.
"
4_14,5,4,"يزداد ضغط الماء بمعدل ضغط جوى واحد لكل 10 متر عمق بالإضافة للضغط الجوى على سطح البحر يساوى  واحد ضغط جوى.
"
4_14,5,5,"لأن جهاز الغطس يخفف من تأثير الضغط الواقع على جسم الإنسان فى أعماق المياه التى يزيد فيها الضغط بمقدار ضغط جوى واحد لكل 10 متر.
"
4_14,5,5,"لأن ضغط الماء يزيد بقدار واحد ضغط جوى لكل عشرة متر تحت سطح المياه بالإضافة إلى الضغط الجوى على سطح البحر يساوى واحد ضغط جوى فلا يمكن الغوص بدون جهاز الغطس.
"
4_14,2,1,"لأن جهاز الغطس يقلل من حدة ضغط الماء.
"
4_14,2,1,"لأن جهاز الغطس يخفف من تأثير ضغط المياه فى الأعماق.
"
4_14,3,3,"لأنه يتعذر الغطس بدون الجهاز لإرتفاع نسبة ضغط المياه فى الأعماق الكبيرة.
"
4_14,5,5,"يزداد ضغط الماء بمعدل ضغط جوى واحد لكل 10 متر عمق بالإضافة للضغط الجوى على سطح البحر يساوى  واحد ضغط جوى فإذا أردنا الغطس فى عمق 100 متر يحتاج الإنسان لتحمل 11 ضغط جوى و هذا مستحيل بدون جهاز الغطس.
"
4_14,5,5,"لأن جهاز الغطس يخفف من تأثير الضغط الواقع على جسم الإنسان فى أعماق المياه التى يزيد فيها الضغط بمقدار ضغط جوى واحد لكل 10 متر بالإضافة إلى الضغط الجوى على السطح الذى يساوى واحد.
"
4_14,5,5,"لأن جهاز الغطس يقلل الضغط الواقع على الإنسان فى أعماق المياه حيث يزيد الضغط بمقدار ضغط جوى واحد لكل 10 متر.
"
4_14,3,2,"نتيجة الضغط الجوى الكبير فى الأعماق.
"
4_15,5,5,"حيث تعمل على إزدهار الحياة النباتية ووفرة الهائمات النباتية و الحيوانية و التى تعتبر غذاء للأسماك.
"
4_15,5,5,"لأنها تساعد النبات و الطحالب على تكوين بروتين الخلايا مما يعمل على نمو النباتات و تكاثرها.
"
4_15,5,5,"لأنها تساعد فى تكوين البروتين فى الخلايا النباتية ييما يعمل على نموها و تكاثرها ووفرة الغذاء.
"
4_15,4,4,"لأن توافر العناصر المعدنية مثل الفوسفات و النترات تساعد فى تكوين البروتين للخلايا النباتية و يعمل على تكاثرها فتزداد الثروة السمكية.
"
4_15,2,2,"لأن وفرة المغذيات يساعد على تكاثر الثورة السمكية.
"
4_15,2,2,"لأن وفرة المغذيات تساهم فى نمو و تنوع إنتاج الأسماك.
"
4_15,5,4,"لأنها تساعد النبات و الطحالب على تكوين بروتين الخلايا مما يعمل على نمو النباتات و بالتالى تزداد المغذيات للأسماك و يكثر الإنتاج.
"
4_15,5,5,"حيث تعمل على إزدهار الحياة النباتية ووفرة الهائمات النباتية و الحيوانية و التى تعتبر غذاء للأسماك و تساعد فى نموها و تكاثرها.
"
4_15,5,5,"لتوافر العناصر المعدنية التى تساعد على تكوين البروتين فى خلايا النباتات البحرية مما يعمل على نموها و تكاثرها و بالتالى زيادة الحيوانات التى تتغذى عليها فيكثر الإنتاج.
"
4_15,2,2,"لأن وفرة المغذيات تؤثر على نمو وتكاثر و تنوع الثروة السمكية.
"
4_16,5,5,"هائمات نباتية : وهى تحتوى على الكلوروفيل وتقوم بعملية البناء الضوئى و تمثل حجر الأساس فى تحضير الغذاء لباقى السلسلة ، هائمات حيوانية : وهى تشمل (أوليات – ديدان – قشريات دقيقة - يرقات) وهى تتغذى على الهائمات النباتية كآكلات العشب.
"
4_16,5,5,"لأنها نوعان نباتى ينتج الغذاء لإحتوائها على الكلوروفيل وهى منتجة ، و حيوانى تتغذى على النوع الأول مثل اليرقات الصغيرة و الحيوانات الأولية.
"
4_16,0,0,"لكثرة الهائمات البحرية و تنوعها فتحتل حلقتين.
"
4_16,3,3,"حيث يوجد هائمات نباتية و هائمات حيوانية.
"
4_16,3,3,"لأنها نوعان نباتية و حيوانية.
"
4_16,5,5,"يوجد هائمات نباتية وهى مسئولة عن عملية البناء الضوئى لوفرة الكلورقيل بها و هائمات حيوانية تتغذى على الهائمات النباتية.
"
4_16,5,5,"يوجد نوعان هائمات نباتية منتجة للغذاء لوفرة الكلوروفيل و هائمات حيوانية مستهلكة للغذاء تتغذى على الهائمات النباتية.
"
4_16,5,5,"حيث يوجد منها نوعان – النوع الأول نباتى ينتج الغذاء لوجدود الكلوروفيل الذى يساعد على إتمام عملية البناء الضوئى- و حيوانى يستهلك الغذاء المكون من النوع الأول.
"
4_16,0,0,"لأنها تعتبر غذاء لكل من النباتات و الحيوانات فبذلك تكون حلقتين فى سلسلة الغذاء.
"
4_16,5,4,"أنها تنقسم إلى هائمات نباتية منتجة للغذاء و هائمات حيوانية مستهلكة للغذاء.
"
4_17,3,2,"لأنها تقل بمقدار العشر.
"
4_17,5,5,"بسبب طول سلاسل الغذاء و تعدد حلقاتها حيث يتناقص مستوى الطاقة من مستوى إلى مستوى أخر بمقدار العشر تقريبا لذلك يتم إهدار نسبة كبيرة من الطاقة.
"
4_17,4,3,"لأن سلاسل الغذاء تتميز بالطول و تعدد الحلقات و تفقد الطاقة تدريجا بسبب هذا الطول.
"
4_17,5,5,"نتيجة طول السلاسل الغذائية مما يؤدى إلى نقصان الطاقة بمقدار العشر من مستوى لأخر.
"
4_17,3,2,"لأنها تقل بمقدار العشر من مستوى إلى أخر.
"
4_17,3,3,"يتم إهدار الطاقة بمقدار العشر عندما تنتقل من مستوى إلى أخر.
"
4_17,5,5,"نظرا لأن معظم السلاسل من آكلات اللحوم ، والسلاسل الغذائية تتسم بطولها و تعدد حلقاتها ، و يتناقص مستوى الطاقة من مستوى إلى آخر بمعدل يصل إلى العشر تقريبا لذلك يتم إهدار نسبة كبيرة من الطاقة .
"
4_17,4,3,"نظرا لطول السلاسل الغذائية و تعدد حلقاتها.
"
4_17,0,0,"لأن النباتات تستخدم هذه الطاقة فى عملية البناء الضوئى.
"
4_17,4,4,"لأن هذه السلاسل تتصف بالطول و تعدد الحلقات لذلك يتم إهدار الطاقة عن الإنتقال من مستوى لأخر.
"
4_18,0,0,"لأن البيئات المائية متصلة بينما البيئات الأرضية منفصلة و متباعدة.
"
4_18,0,0,"لأن البيئة الأرضية منفصلة عن بعضها أما البيئة المائية متصلة و متشابكة.
"
4_18,5,5,"نظرا لإختلاف الظروف المناخية و طبيعة التربة و الغطاء النباتى.
"
4_18,5,5,"لأن البيئات الأرضية تختلف عليها الظروف الفيزيائية و الكيميائية و البيولوجية كالمناخ و التربة و النبات.
"
4_18,5,5,"لتنوع الظروف الفيزيائية و الكيميائية و البيولوجية على البيئة الأرضية.
"
4_18,0,0,"لأن البيئات الأرضية متباعدة و البيئات المائية متصلة.
"
4_18,5,5,"بسبب تباين الظروف الطبيعية كالمناخ و التربة و النبات.
"
4_18,0,0,"لكثرة مكونات البيئة الأرضية من تضاريس و جبال و صخور ووديان.
"
4_18,0,0,"لأنفصال البيئات الأرضية بعضها عن بعض و إتصال البيئات المائية ببعض.
"
4_18,5,5,"بسبب إختلاف البيئات الأرضية فى الظروف المناخية و طبيعة التربة و الغطاء النباتى.
"
4_19,3,3,"لأنها تظهر و تختفى بطريقة عشوائية تبعا للظروف المناخية.
"
4_19,1,0,"نظرا لصعوبة تحديد ميقات معين لزراعتها و نموها.
"
4_19,0,0,"لأنها لا يمكن الإعتماد عليها كعنصر من عناصر غذاء الحيوانات الصحراوية.
"
4_19,3,3,"لأنها تظهر فى الشتاء فقط ثم تختفى باقى العام.
"
4_19,3,3,"لأنها تظهر فى الشتاء فقط.
"
4_19,4,4,"لأنها تظهر فى الشتاء فقط عقب سقوط الأمطار، و تذبل بحلول الجفاف فى الصيف.
"
4_19,4,4,"لأنها تظهر فى الشتاء فقط عقب سقوط الأمطار، و تختفى بحلول الجفاف فى الصيف .
"
4_19,5,5,"لأنها تظهر فى الشتاء فقط عقب سقوط الأمطار، و تذبل بحلول الجفاف فى الصيف، و تتلاشى بعد ترك بذورها فى التربة.
"
4_19,3,3,"لأن بذورها تتلاشى فى فصل الصيف نتيجة الجفاف.
"
4_19,4,4,"لأنها تنمو فى الشتاء و تذبل بحلول الجفاف فى الصيف.
"
4_20,5,5,"لزيادة قدرتها على إمتصاص المياه الجوفية حتى عمق 80 متر (الجذور العميقة) و إمتصاص قطرات الندى المتساقطة على سطح الأرض لها.
"
4_20,5,5,"حيث تمتص المياه الجوفية رأسيا – و أفقيا حيث تمتص قطرات الندى فى الصباح الباكر لكى تحصل على المياه وهذا ضمن خصائص الكساء الخضرى الدائم.
"
4_20,5,5,"رأسيا : لإمتصاص المياه الجوفية حتى عمق 80 متر، أفقيا : لإمتصاص قطرات الندى المتساقطة على التربة.
"
4_20,5,5,"تمتد جذور النباتات رأسيا لإمتصاص الماء الجوفى العميق أو أفقيا تحت سطح التربة لامتصاص قطرات الندى المتساقطة صباحا على سطح التربة.
"
4_20,3,3,"تمتد رأسيا و أفقيا لتقوم بعملية البناء الضوئى.
"
4_20,0,0,"للحصول على الماء الكافى و الوافر لنموها.
"
4_20,5,4,"تمتد رأسيا لإمتصاص الماء الجوفى و تمتد أفقيا لإمتصاص قطرات الندى.
"
4_20,3,2,"لإمتصاص المياه الجوفية و كذلك قطرات الندى المتساقطة.
"
4_20,0,0,"لإتمام عملية البناء الضوئى.
"
4_20,5,5,"تمتد الجذور رأسيا لتمتص المياه الجوفية فى الأعماق الكبيرة و أفقيا لتمتص قطرات الندى المتساقطة من التربة.
"
4_21,5,5,"لأنها تتغذى على بذور النباتات العصرية.
"
4_21,5,5,"لأن هذه الحيوانات تستخلص الماء من البذور و النباتات العصرية الصحراوية.
"
4_21,0,0,"نظرا لطبيعة أجسامها التى لا تحتاج للماء.
"
4_21,0,0,"لأنها تعوض المياه بالخصائص الفريدة المتواجدة فى أجسامهم.
"
4_21,5,5,"لأنها تستخلص الماء من البذور و النباتات العصارية التى تتغذى عليها.
"
4_21,5,5,"لأنها تستخلص الماء من البذور و النباتات العصارية .
"
4_21,0,0,"نظرا لأنها تتحصل على المياه من البذور و النباتات العصارية.
"
4_21,0,0,"لأتها تستطيع التكيف مع البيئة دون إستخدام المياه.
"
4_21,5,5,"لأنها تحصل على الماء من النباتات العصارية التى تتغذى عليها.
"
4_21,4,4,"لأن الماء متوفر فى النباتات العصارية التى تتغذى عليها.
"
4_22,5,5,"لأن الرعى المنتظم يعمل على تقليل المجموع الخضرى الذى يساعد على نقص كمية البخر و النتح فيوفر المياه اللازمة لحياة النباتات و كذلك يعمل على تقليل كمية الأعشاب المحيطة مما يوفر المياه للنباتات المعمرة فيزيد من حجمها.
"
4_22,5,4,"لأن الرعى المنتظم يفيد فى خفض نسبة البخر و النتح.
"
4_22,5,5,"لأن الرعى المنتظم يفيد فى تقليل نسبة النتح و البخر و تقليل المجموع الخضرى.
"
4_22,1,0,"لأن ذلك لا يؤدى إلى تآكل الغطاء النباتى.
"
4_22,0,0,"تضار النباتات إذا كان الرعى جائرا بسبب تآكل الغطاء النباتى.
"
4_22,5,5,"الرعى المنظم يساعد فى خفض نسبة النتح و البخر و إزالة أجزاء من المجموع الخضرى.
"
4_22,5,5,"لأنه يعمل على تقليل المجموع الخضرى الذى يساعد على نقص كمية البخر و النتح.
"
4_22,1,0,"لأن ذلك لا يؤدى إلى عوامل التعرية و إنجراف التربة.
"
4_22,1,0,"لأن الرعى المنظم يحافظ على التربة من عوامل التعرية و الإنجراف.
"
4_22,5,4,"الرعى المنظم يعمل على تقليل النتح و البخر.
"
4_23,3,2,"بسبب الرعى الجائر.
"
4_23,4,4,"لزيادة نمو السكان و الرعى الجائر.
"
4_23,3,2,"ينتج ذلك نتيجة الرعى الغير منظم (الجائر).
"
4_23,5,5,"لزيادة نمو السكان و الرعى الجائرللحيوانات مما يساعد على تآكل التربة بمعدل يصل إلى 700 طن / كم مربع / سنة.
"
4_23,4,4,"لزيادة نمو السكان و الرعى الجائر لحيواناتهم مما أدى إلى تآكل التربة .
"
4_23,3,3,"بسسب تآكل التربة الناتج من الرعى الجائر للحيوانات.
"
4_23,4,4,"نتيجة النمو الكبير للسكان و الرعى الغير منظم للحيوانات.
"
4_23,5,5,"تتآكل التربة بمقدار 700 طن / كم فى العام الواحد نتيجة النوم السكانى و الرعى الجائر.
"
4_23,0,0,"لعدم وفرة الماء مما يساعد على زيادة عوامل التعرية المختلفة.
"
4_23,3,2,"للزيادة الرهيبة فى النمو السكانى.
"
4_24,0,0,"بسبب القطع الجائر للأشجار و الصيد الجائر للحيوانات.
"
4_24,4,4,"لأن الإنسان بنى المدن على الأراضى الخصبة و أيضا أنشأ فوقها المصانع فأدى ذلك إلى إختلال التوازن فيها.
"
4_24,5,5,"لأن البيئة المصنوعة تسئ للبيئة الطبيعية بسبب تلوث البيئة و إستخدام المبيدات و البناء على الأراضى الزراعية.
"
4_24,5,4,"البيئة المصنوعة تؤدى إلى تلوث البيئة و إختلال التوازن البيئى.
"
4_24,5,5,"لما يقوم به الإنسان من أفعال تضر بالبيئة مثل التلوث و إستخدام المبيدات و القطع الجائر للاشجار و الصيد الجائر للحيوانات.
"
4_24,5,5,"لأن الإنسان يضر بالبيئة الطبيعة بسبب مخلفات المصانع و إستخدام المبيدات و قطع الاشجار و البناء على الأراضى الزراعية.
"
4_24,3,2,"نظرا للتصرف الخاطئ للإنسان مع موارد البيئة الطبيعة مما يؤثر عليها.
"
4_24,5,5,"لأن البيئة المصنوعة قد تسئ للبيئة الطبيعية عندما يسمح الإنسان لمخلفات الصناعة بتلويث البيئة أو إستخدام مبيدات تخل التوزان البيئى.
"
4_24,5,5,"نتيجة الأفعال الخاطئة التى يقوم بها الإنسان مثل إلقاء مخلفات المصانع فى البحار و عوامل تلوث البيئة و البناء على الأراضى الزراعية و الصيد الجائر للحيوانات.
"
4_24,5,4,"لأن البيئة المصنوعة تؤدى إلى تلوث البيئة و إختلال التوازن البيئى.
"
